Abdulquddus,Muhammad Sytsh;09-010107;30157B04-373E-4CA4-817B-73AA0FA3AF63
Abdurrasyid, Ibrahim Syams;09-010122;8b9386ab-5cb7-447f-b1f2-6f2f1b736028
Araghi, Soheyl Safari;04-098630;A3979875-F1BB-47F7-AAD6-547478A38DC1
Besser, Till;18-002412;e7335fa1-658c-4fb6-8130-3acfb4631d6d
Bischoff, Emily;06-153250;3e044fff-f000-4f8e-aafb-1f3d0eb370a7
Braun, Victoria;06-153648;65c792c7-e2a7-47d0-95eb-c8b591022523
Deng,Yuxuanzhe;06-154227;ae255c34-2b27-4da0-885c-2ee5743415f9
GÃ¶ker, Jason;01-157291;e1c5eca7-befc-452c-a406-4e8cabb31001
Hahn, Max;06-153780;751568e9-7c66-47b7-a73b-2781bcd1408e
Kampmeier, Jannis;01-158808;82006478-1aae-4617-9fe4-069d581fb16f
Lin, Alina;06-154225;e7ce2345-4a90-46b1-8409-0513b0618c08
Oeser, Ben;06-153807;609DE0A2-7EAC-4E0A-8849-734DBB01F107
Oeser, Carlo;06-154704;EF2319D7-631B-4FD3-9F88-BF6802C70A2B
Rosenbaum, Kalle;06-154214;4f6fca04-9f05-4d14-a1cc-8c5cef7c359e
Rosinski, Johannes Ole;06-154194;f65a0768-ec5a-4848-89cd-6abe17965fef
Sauerbrei, Louis;04-098314;bd337124-44d1-42c1-9c30-8bed91781a9b
Schomerus, Richard;06-154121;6890C33F-1E2F-4A26-A991-2A95E2B8B85B
Sisic, Maxim;06-153955;4c57f185-ea6e-44ed-a3c0-4321ab1f41b1
Sisic, Mika;06-154378;5103fb0a-da4a-4fe0-bc05-9898fe312722
Volkert, Frederik;06-153781;5A634D58-A0FF-4C40-BE0B-F161C1D30150
Wang, Tony Chengxi;06-153461;e343115d-589f-4f5d-8b8e-92dda86829a9
Wang, Nico Chengxuan;06-153820;B6C42CC0-DA4D-4287-BDCA-B7B06C662A8D
Wohlers, Felix;06-153541;595EC2A4-1CCC-4A87-8F0D-9F2621D46E30
Wohlers, Mats;06-153539;BBB01F99-ED5F-4EA3-A805-33FD797AC6B5
Xu, Ruby;04-100166;b326c51a-5fa2-4b30-8fd8-8c9af916a5b1
